# Origin	Destination	menuOption menuTarget objectID	Items	Quests	Skills	Duration	Display info	Currency
1455 2968 0	1496 3403 0	Charter Trader Crewmember 1330				6	Land's End	900 Coins
1455 2968 0	1743 3136 0	Charter Trader Crewmember 1330		Children of the Sun		6	Civitas illa Fortis	600 Coins
1455 2968 0	1808 3679 0	Charter Trader Crewmember 1330				6	Port Piscarilius	1100 Coins
1455 2968 0	1871 3309 0	Charter Trader Crewmember 1330			50 Sailing	6	Port Roberts	1400 Coins
1455 2968 0	1943 2757 0	Charter Trader Crewmember 1330			67 Sailing	6	Deepfin Point	1200 Coins
1455 2968 0	2142 3122 0	Charter Trader Crewmember 1330		Regicide		6	Port Tyras	3200 Coins
1455 2968 0	2157 3330 0	Charter Trader Crewmember 1330		Song of the Elves		6	Prifddinas	1800 Coins
1455 2968 0	2589 2851 0	Charter Trader Crewmember 1330				6	Corsair Cove	2100 Coins
1455 2968 0	2674 3144 0	Charter Trader Crewmember 1330				6	Port Khazard	2300 Coins
1455 2968 0	2760 3238 0	Charter Trader Crewmember 1330				6	Brimhaven	2500 Coins
1455 2968 0	2792 3414 0	Charter Trader Crewmember 1330				6	Catherby	2500 Coins
1455 2968 0	2805 2502 0	Charter Trader Crewmember 1330		The Red Reef		6	Red Rock	2200 Coins
1455 2968 0	2954 3158 0	Charter Trader Crewmember 1330				6	Musa Point	3000 Coins
1455 2968 0	3001 3032 0	Charter Trader Crewmember 1330		Monkey Madness I		6	Shipyard	3100 Coins
1455 2968 0	3038 3192 0	Charter Trader Crewmember 1330				6	Port Sarim	3100 Coins
1455 2968 0	3064 2999 0	Charter Trader Crewmember 1330		Pandemonium		6	The Pandemonium	3000 Coins
1455 2968 0	3189 2369 0	Charter Trader Crewmember 1330		Troubled Tortugans		6	The Summer Shore	2400 Coins
1455 2968 0	3671 2931 0	Charter Trader Crewmember 1330		Cabin Fever		6	Mos Le'Harmless	2350 Coins
1455 2968 0	3702 3503 0	Charter Trader Crewmember 1330		Priest in Peril		6	Port Phasmatys	4500 Coins
1496 3403 0	1455 2968 0	Charter Trader Crewmember 1330		Children of the Sun		6	Aldarin	900 Coins
1496 3403 0	1514 2971 0	Charter Trader Crewmember 1330		Children of the Sun		6	Sunset Coast	900 Coins
1496 3403 0	1743 3136 0	Charter Trader Crewmember 1330		Children of the Sun		6	Civitas illa Fortis	800 Coins
1496 3403 0	1871 3309 0	Charter Trader Crewmember 1330			50 Sailing	6	Port Roberts	800 Coins
1496 3403 0	1943 2757 0	Charter Trader Crewmember 1330			67 Sailing	6	Deepfin Point	1400 Coins
1496 3403 0	2142 3122 0	Charter Trader Crewmember 1330		Regicide		6	Port Tyras	3200 Coins
1496 3403 0	2157 3330 0	Charter Trader Crewmember 1330		Song of the Elves		6	Prifddinas	1500 Coins
1496 3403 0	2589 2851 0	Charter Trader Crewmember 1330				6	Corsair Cove	1800 Coins
1496 3403 0	2674 3144 0	Charter Trader Crewmember 1330				6	Port Khazard	2000 Coins
1496 3403 0	2760 3238 0	Charter Trader Crewmember 1330				6	Brimhaven	2200 Coins
1496 3403 0	2792 3414 0	Charter Trader Crewmember 1330				6	Catherby	2200 Coins
1496 3403 0	2805 2502 0	Charter Trader Crewmember 1330		The Red Reef		6	Red Rock	2200 Coins
1496 3403 0	2954 3158 0	Charter Trader Crewmember 1330				6	Musa Point	2700 Coins
1496 3403 0	3001 3032 0	Charter Trader Crewmember 1330		Monkey Madness I		6	Shipyard	2800 Coins
1496 3403 0	3064 2999 0	Charter Trader Crewmember 1330		Pandemonium		6	The Pandemonium	2600 Coins
1496 3403 0	3189 2369 0	Charter Trader Crewmember 1330		Troubled Tortugans		6	The Summer Shore	2400 Coins
1496 3403 0	3671 2931 0	Charter Trader Crewmember 1330		Cabin Fever		6	Mos Le'Harmless	2200 Coins
1496 3403 0	3702 3503 0	Charter Trader Crewmember 1330		Priest in Peril		6	Port Phasmatys	4200 Coins
1514 2971 0	1496 3403 0	Charter Trader Crewmember 1330				6	Land's End	900 Coins
1514 2971 0	1743 3136 0	Charter Trader Crewmember 1330		Children of the Sun		6	Civitas illa Fortis	500 Coins
1514 2971 0	1808 3679 0	Charter Trader Crewmember 1330				6	Port Piscarilius	1100 Coins
1514 2971 0	1871 3309 0	Charter Trader Crewmember 1330			50 Sailing	6	Port Roberts	1400 Coins
1514 2971 0	1943 2757 0	Charter Trader Crewmember 1330			67 Sailing	6	Deepfin Point	1200 Coins
1514 2971 0	2142 3122 0	Charter Trader Crewmember 1330		Regicide		6	Port Tyras	3200 Coins
1514 2971 0	2157 3330 0	Charter Trader Crewmember 1330		Song of the Elves		6	Prifddinas	1800 Coins
1514 2971 0	2589 2851 0	Charter Trader Crewmember 1330				6	Corsair Cove	2100 Coins
1514 2971 0	2674 3144 0	Charter Trader Crewmember 1330				6	Port Khazard	2300 Coins
1514 2971 0	2760 3238 0	Charter Trader Crewmember 1330				6	Brimhaven	2500 Coins
1514 2971 0	2792 3414 0	Charter Trader Crewmember 1330				6	Catherby	2500 Coins
1514 2971 0	2805 2502 0	Charter Trader Crewmember 1330		The Red Reef		6	Red Rock	2200 Coins
1514 2971 0	2954 3158 0	Charter Trader Crewmember 1330				6	Musa Point	3000 Coins
1514 2971 0	3001 3032 0	Charter Trader Crewmember 1330		Monkey Madness I		6	Shipyard	3100 Coins
1514 2971 0	3038 3192 0	Charter Trader Crewmember 1330				6	Port Sarim	3100 Coins
1514 2971 0	3064 2999 0	Charter Trader Crewmember 1330		Pandemonium		6	The Pandemonium	3000 Coins
1514 2971 0	3189 2369 0	Charter Trader Crewmember 1330		Troubled Tortugans		6	The Summer Shore	2400 Coins
1514 2971 0	3671 2931 0	Charter Trader Crewmember 1330		Cabin Fever		6	Mos Le'Harmless	2350 Coins
1514 2971 0	3702 3503 0	Charter Trader Crewmember 1330		Priest in Peril		6	Port Phasmatys	4500 Coins
1743 3136 0	1455 2968 0	Charter Trader Crewmember 1330		Children of the Sun		6	Aldarin	600 Coins
1743 3136 0	1496 3403 0	Charter Trader Crewmember 1330				6	Land's End	800 Coins
1743 3136 0	1514 2971 0	Charter Trader Crewmember 1330		Children of the Sun		6	Sunset Coast	500 Coins
1743 3136 0	1808 3679 0	Charter Trader Crewmember 1330				6	Port Piscarilius	1000 Coins
1743 3136 0	1871 3309 0	Charter Trader Crewmember 1330			50 Sailing	6	Port Roberts	600 Coins
1743 3136 0	1943 2757 0	Charter Trader Crewmember 1330			67 Sailing	6	Deepfin Point	1200 Coins
1743 3136 0	2142 3122 0	Charter Trader Crewmember 1330		Regicide		6	Port Tyras	3200 Coins
1743 3136 0	2157 3330 0	Charter Trader Crewmember 1330		Song of the Elves		6	Prifddinas	1700 Coins
1743 3136 0	2589 2851 0	Charter Trader Crewmember 1330				6	Corsair Cove	2000 Coins
1743 3136 0	2674 3144 0	Charter Trader Crewmember 1330				6	Port Khazard	2200 Coins
1743 3136 0	2760 3238 0	Charter Trader Crewmember 1330				6	Brimhaven	2400 Coins
1743 3136 0	2792 3414 0	Charter Trader Crewmember 1330				6	Catherby	2400 Coins
1743 3136 0	2805 2502 0	Charter Trader Crewmember 1330		The Red Reef		6	Red Rock	2000 Coins
1743 3136 0	2954 3158 0	Charter Trader Crewmember 1330				6	Musa Point	2900 Coins
1743 3136 0	3001 3032 0	Charter Trader Crewmember 1330		Monkey Madness I		6	Shipyard	3000 Coins
1743 3136 0	3038 3192 0	Charter Trader Crewmember 1330				6	Port Sarim	3000 Coins
1743 3136 0	3064 2999 0	Charter Trader Crewmember 1330		Pandemonium		6	The Pandemonium	2800 Coins
1743 3136 0	3189 2369 0	Charter Trader Crewmember 1330		Troubled Tortugans		6	The Summer Shore	2200 Coins
1743 3136 0	3671 2931 0	Charter Trader Crewmember 1330		Cabin Fever		6	Mos Le'Harmless	2300 Coins
1743 3136 0	3702 3503 0	Charter Trader Crewmember 1330		Priest in Peril		6	Port Phasmatys	4400 Coins
1808 3679 0	1455 2968 0	Charter Trader Crewmember 1330		Children of the Sun		6	Aldarin	1100 Coins
1808 3679 0	1514 2971 0	Charter Trader Crewmember 1330		Children of the Sun		6	Sunset Coast	1100 Coins
1808 3679 0	1743 3136 0	Charter Trader Crewmember 1330		Children of the Sun		6	Civitas illa Fortis	1000 Coins
1808 3679 0	1871 3309 0	Charter Trader Crewmember 1330			50 Sailing	6	Port Roberts	1000 Coins
1808 3679 0	1943 2757 0	Charter Trader Crewmember 1330			67 Sailing	6	Deepfin Point	1600 Coins
1808 3679 0	2142 3122 0	Charter Trader Crewmember 1330		Regicide		6	Port Tyras	3200 Coins
1808 3679 0	2157 3330 0	Charter Trader Crewmember 1330		Song of the Elves		6	Prifddinas	1200 Coins
1808 3679 0	2589 2851 0	Charter Trader Crewmember 1330				6	Corsair Cove	1500 Coins
1808 3679 0	2674 3144 0	Charter Trader Crewmember 1330				6	Port Khazard	1800 Coins
1808 3679 0	2760 3238 0	Charter Trader Crewmember 1330				6	Brimhaven	2000 Coins
1808 3679 0	2792 3414 0	Charter Trader Crewmember 1330				6	Catherby	2000 Coins
1808 3679 0	2805 2502 0	Charter Trader Crewmember 1330		The Red Reef		6	Red Rock	2400 Coins
1808 3679 0	2954 3158 0	Charter Trader Crewmember 1330				6	Musa Point	2500 Coins
1808 3679 0	3001 3032 0	Charter Trader Crewmember 1330		Monkey Madness I		6	Shipyard	2600 Coins
1808 3679 0	3064 2999 0	Charter Trader Crewmember 1330		Pandemonium		6	The Pandemonium	2400 Coins
1808 3679 0	3189 2369 0	Charter Trader Crewmember 1330		Troubled Tortugans		6	The Summer Shore	2600 Coins
1808 3679 0	3671 2931 0	Charter Trader Crewmember 1330		Cabin Fever		6	Mos Le'Harmless	2100 Coins
1808 3679 0	3702 3503 0	Charter Trader Crewmember 1330		Priest in Peril		6	Port Phasmatys	4000 Coins
1871 3309 0	1455 2968 0	Charter Trader Crewmember 1330		Children of the Sun		6	Aldarin	1400 Coins
1871 3309 0	1496 3403 0	Charter Trader Crewmember 1330				6	Land's End	800 Coins
1871 3309 0	1514 2971 0	Charter Trader Crewmember 1330		Children of the Sun		6	Sunset Coast	1400 Coins
1871 3309 0	1743 3136 0	Charter Trader Crewmember 1330		Children of the Sun		6	Civitas illa Fortis	600 Coins
1871 3309 0	1808 3679 0	Charter Trader Crewmember 1330				6	Port Piscarilius	1000 Coins
1871 3309 0	1943 2757 0	Charter Trader Crewmember 1330			67 Sailing	6	Deepfin Point	1000 Coins
1871 3309 0	2142 3122 0	Charter Trader Crewmember 1330		Regicide		6	Port Tyras	3200 Coins
1871 3309 0	2157 3330 0	Charter Trader Crewmember 1330		Song of the Elves		6	Prifddinas	600 Coins
1871 3309 0	2589 2851 0	Charter Trader Crewmember 1330				6	Corsair Cove	2200 Coins
1871 3309 0	2674 3144 0	Charter Trader Crewmember 1330				6	Port Khazard	3000 Coins
1871 3309 0	2760 3238 0	Charter Trader Crewmember 1330				6	Brimhaven	3200 Coins
1871 3309 0	2792 3414 0	Charter Trader Crewmember 1330				6	Catherby	3400 Coins
1871 3309 0	2805 2502 0	Charter Trader Crewmember 1330		The Red Reef		6	Red Rock	2000 Coins
1871 3309 0	2954 3158 0	Charter Trader Crewmember 1330				6	Musa Point	3500 Coins
1871 3309 0	3001 3032 0	Charter Trader Crewmember 1330		Monkey Madness I		6	Shipyard	3600 Coins
1871 3309 0	3038 3192 0	Charter Trader Crewmember 1330				6	Port Sarim	3500 Coins
1871 3309 0	3064 2999 0	Charter Trader Crewmember 1330		Pandemonium		6	The Pandemonium	3600 Coins
1871 3309 0	3189 2369 0	Charter Trader Crewmember 1330		Troubled Tortugans		6	The Summer Shore	2500 Coins
1871 3309 0	3671 2931 0	Charter Trader Crewmember 1330		Cabin Fever		6	Mos Le'Harmless	2200 Coins
1871 3309 0	3702 3503 0	Charter Trader Crewmember 1330		Priest in Peril		6	Port Phasmatys	4600 Coins
1943 2757 0	1455 2968 0	Charter Trader Crewmember 1330		Children of the Sun		6	Aldarin	1200 Coins
1943 2757 0	1496 3403 0	Charter Trader Crewmember 1330				6	Land's End	1400 Coins
1943 2757 0	1514 2971 0	Charter Trader Crewmember 1330		Children of the Sun		6	Sunset Coast	1200 Coins
1943 2757 0	1743 3136 0	Charter Trader Crewmember 1330		Children of the Sun		6	Civitas illa Fortis	1200 Coins
1943 2757 0	1808 3679 0	Charter Trader Crewmember 1330				6	Port Piscarilius	1600 Coins
1943 2757 0	1871 3309 0	Charter Trader Crewmember 1330			50 Sailing	6	Port Roberts	1000 Coins
1943 2757 0	2142 3122 0	Charter Trader Crewmember 1330		Regicide		6	Port Tyras	3200 Coins
1943 2757 0	2157 3330 0	Charter Trader Crewmember 1330		Song of the Elves		6	Prifddinas	1200 Coins
1943 2757 0	2589 2851 0	Charter Trader Crewmember 1330				6	Corsair Cove	1600 Coins
1943 2757 0	2674 3144 0	Charter Trader Crewmember 1330				6	Port Khazard	1800 Coins
1943 2757 0	2760 3238 0	Charter Trader Crewmember 1330				6	Brimhaven	2000 Coins
1943 2757 0	2792 3414 0	Charter Trader Crewmember 1330				6	Catherby	2200 Coins
1943 2757 0	2805 2502 0	Charter Trader Crewmember 1330		The Red Reef		6	Red Rock	1400 Coins
1943 2757 0	2954 3158 0	Charter Trader Crewmember 1330				6	Musa Point	2400 Coins
1943 2757 0	3001 3032 0	Charter Trader Crewmember 1330		Monkey Madness I		6	Shipyard	2800 Coins
1943 2757 0	3038 3192 0	Charter Trader Crewmember 1330				6	Port Sarim	2600 Coins
1943 2757 0	3064 2999 0	Charter Trader Crewmember 1330		Pandemonium		6	The Pandemonium	2800 Coins
1943 2757 0	3189 2369 0	Charter Trader Crewmember 1330		Troubled Tortugans		6	The Summer Shore	1800 Coins
1943 2757 0	3671 2931 0	Charter Trader Crewmember 1330		Cabin Fever		6	Mos Le'Harmless	1600 Coins
1943 2757 0	3702 3503 0	Charter Trader Crewmember 1330		Priest in Peril		6	Port Phasmatys	3400 Coins
2142 3122 0	1455 2968 0	Charter Trader Crewmember 1330		Children of the Sun		6	Aldarin	3200 Coins
2142 3122 0	1496 3403 0	Charter Trader Crewmember 1330				6	Land's End	3200 Coins
2142 3122 0	1514 2971 0	Charter Trader Crewmember 1330		Children of the Sun		6	Sunset Coast	3200 Coins
2142 3122 0	1743 3136 0	Charter Trader Crewmember 1330		Children of the Sun		6	Civitas illa Fortis	3200 Coins
2142 3122 0	1808 3679 0	Charter Trader Crewmember 1330				6	Port Piscarilius	3200 Coins
2142 3122 0	1871 3309 0	Charter Trader Crewmember 1330			50 Sailing	6	Port Roberts	3200 Coins
2142 3122 0	1943 2757 0	Charter Trader Crewmember 1330			67 Sailing	6	Deepfin Point	3200 Coins
2142 3122 0	2157 3330 0	Charter Trader Crewmember 1330		Song of the Elves		6	Prifddinas	3200 Coins
2142 3122 0	2589 2851 0	Charter Trader Crewmember 1330				6	Corsair Cove	3200 Coins
2142 3122 0	2674 3144 0	Charter Trader Crewmember 1330				6	Port Khazard	3200 Coins
2142 3122 0	2760 3238 0	Charter Trader Crewmember 1330				6	Brimhaven	3200 Coins
2142 3122 0	2792 3414 0	Charter Trader Crewmember 1330				6	Catherby	3200 Coins
2142 3122 0	2805 2502 0	Charter Trader Crewmember 1330		The Red Reef		6	Red Rock	3200 Coins
2142 3122 0	2954 3158 0	Charter Trader Crewmember 1330				6	Musa Point	3200 Coins
2142 3122 0	3001 3032 0	Charter Trader Crewmember 1330		Monkey Madness I		6	Shipyard	3200 Coins
2142 3122 0	3038 3192 0	Charter Trader Crewmember 1330				6	Port Sarim	3200 Coins
2142 3122 0	3064 2999 0	Charter Trader Crewmember 1330		Pandemonium		6	The Pandemonium	3200 Coins
2142 3122 0	3189 2369 0	Charter Trader Crewmember 1330		Troubled Tortugans		6	The Summer Shore	3200 Coins
2142 3122 0	3671 2931 0	Charter Trader Crewmember 1330		Cabin Fever		6	Mos Le'Harmless	1600 Coins
2142 3122 0	3702 3503 0	Charter Trader Crewmember 1330		Priest in Peril		6	Port Phasmatys	3200 Coins
2157 3330 0	1455 2968 0	Charter Trader Crewmember 1330		Children of the Sun		6	Aldarin	1800 Coins
2157 3330 0	1496 3403 0	Charter Trader Crewmember 1330				6	Land's End	1500 Coins
2157 3330 0	1514 2971 0	Charter Trader Crewmember 1330		Children of the Sun		6	Sunset Coast	1800 Coins
2157 3330 0	1743 3136 0	Charter Trader Crewmember 1330		Children of the Sun		6	Civitas illa Fortis	1700 Coins
2157 3330 0	1808 3679 0	Charter Trader Crewmember 1330				6	Port Piscarilius	1200 Coins
2157 3330 0	1871 3309 0	Charter Trader Crewmember 1330			50 Sailing	6	Port Roberts	600 Coins
2157 3330 0	1943 2757 0	Charter Trader Crewmember 1330			67 Sailing	6	Deepfin Point	1200 Coins
2157 3330 0	2142 3122 0	Charter Trader Crewmember 1330		Regicide		6	Port Tyras	3200 Coins
2157 3330 0	2589 2851 0	Charter Trader Crewmember 1330				6	Corsair Cove	1420 Coins
2157 3330 0	2674 3144 0	Charter Trader Crewmember 1330				6	Port Khazard	2800 Coins
2157 3330 0	2760 3238 0	Charter Trader Crewmember 1330				6	Brimhaven	3450 Coins
2157 3330 0	2792 3414 0	Charter Trader Crewmember 1330				6	Catherby	3560 Coins
2157 3330 0	2805 2502 0	Charter Trader Crewmember 1330		The Red Reef		6	Red Rock	2000 Coins
2157 3330 0	2954 3158 0	Charter Trader Crewmember 1330				6	Musa Point	4400 Coins
2157 3330 0	3001 3032 0	Charter Trader Crewmember 1330		Monkey Madness I		6	Shipyard	4000 Coins
2157 3330 0	3038 3192 0	Charter Trader Crewmember 1330				6	Port Sarim	4800 Coins
2157 3330 0	3064 2999 0	Charter Trader Crewmember 1330		Pandemonium		6	The Pandemonium	3800 Coins
2157 3330 0	3189 2369 0	Charter Trader Crewmember 1330		Troubled Tortugans		6	The Summer Shore	2200 Coins
2157 3330 0	3671 2931 0	Charter Trader Crewmember 1330		Cabin Fever		6	Mos Le'Harmless	2475 Coins
2157 3330 0	3702 3503 0	Charter Trader Crewmember 1330		Priest in Peril		6	Port Phasmatys	5200 Coins
2589 2851 0	1455 2968 0	Charter Trader Crewmember 1330		Children of the Sun		6	Aldarin	2100 Coins
2589 2851 0	1496 3403 0	Charter Trader Crewmember 1330				6	Land's End	1800 Coins
2589 2851 0	1514 2971 0	Charter Trader Crewmember 1330		Children of the Sun		6	Sunset Coast	2100 Coins
2589 2851 0	1743 3136 0	Charter Trader Crewmember 1330		Children of the Sun		6	Civitas illa Fortis	2000 Coins
2589 2851 0	1808 3679 0	Charter Trader Crewmember 1330				6	Port Piscarilius	1500 Coins
2589 2851 0	1871 3309 0	Charter Trader Crewmember 1330			50 Sailing	6	Port Roberts	2200 Coins
2589 2851 0	1943 2757 0	Charter Trader Crewmember 1330			67 Sailing	6	Deepfin Point	1600 Coins
2589 2851 0	2142 3122 0	Charter Trader Crewmember 1330		Regicide		6	Port Tyras	3200 Coins
2589 2851 0	2157 3330 0	Charter Trader Crewmember 1330		Song of the Elves		6	Prifddinas	1420 Coins
2589 2851 0	2674 3144 0	Charter Trader Crewmember 1330				6	Port Khazard	600 Coins
2589 2851 0	2760 3238 0	Charter Trader Crewmember 1330				6	Brimhaven	680 Coins
2589 2851 0	2792 3414 0	Charter Trader Crewmember 1330				6	Catherby	1000 Coins
2589 2851 0	2805 2502 0	Charter Trader Crewmember 1330		The Red Reef		6	Red Rock	1500 Coins
2589 2851 0	2954 3158 0	Charter Trader Crewmember 1330				6	Musa Point	800 Coins
2589 2851 0	3001 3032 0	Charter Trader Crewmember 1330		Monkey Madness I		6	Shipyard	800 Coins
2589 2851 0	3038 3192 0	Charter Trader Crewmember 1330				6	Port Sarim	1200 Coins
2589 2851 0	3064 2999 0	Charter Trader Crewmember 1330		Pandemonium		6	The Pandemonium	800 Coins
2589 2851 0	3189 2369 0	Charter Trader Crewmember 1330		Troubled Tortugans		6	The Summer Shore	1600 Coins
2589 2851 0	3671 2931 0	Charter Trader Crewmember 1330		Cabin Fever		6	Mos Le'Harmless	2040 Coins
2589 2851 0	3702 3503 0	Charter Trader Crewmember 1330		Priest in Peril		6	Port Phasmatys	4040 Coins
2674 3144 0	1455 2968 0	Charter Trader Crewmember 1330		Children of the Sun		6	Aldarin	2300 Coins
2674 3144 0	1496 3403 0	Charter Trader Crewmember 1330				6	Land's End	2000 Coins
2674 3144 0	1514 2971 0	Charter Trader Crewmember 1330		Children of the Sun		6	Sunset Coast	2300 Coins
2674 3144 0	1743 3136 0	Charter Trader Crewmember 1330		Children of the Sun		6	Civitas illa Fortis	2200 Coins
2674 3144 0	1808 3679 0	Charter Trader Crewmember 1330				6	Port Piscarilius	1800 Coins
2674 3144 0	1871 3309 0	Charter Trader Crewmember 1330			50 Sailing	6	Port Roberts	3000 Coins
2674 3144 0	1943 2757 0	Charter Trader Crewmember 1330			67 Sailing	6	Deepfin Point	1800 Coins
2674 3144 0	2142 3122 0	Charter Trader Crewmember 1330		Regicide		6	Port Tyras	3200 Coins
2674 3144 0	2157 3330 0	Charter Trader Crewmember 1330		Song of the Elves		6	Prifddinas	2800 Coins
2674 3144 0	2589 2851 0	Charter Trader Crewmember 1330				6	Corsair Cove	600 Coins
2674 3144 0	2760 3238 0	Charter Trader Crewmember 1330				6	Brimhaven	400 Coins
2674 3144 0	2792 3414 0	Charter Trader Crewmember 1330				6	Catherby	1600 Coins
2674 3144 0	2805 2502 0	Charter Trader Crewmember 1330		The Red Reef		6	Red Rock	1800 Coins
2674 3144 0	2954 3158 0	Charter Trader Crewmember 1330				6	Musa Point	400 Coins
2674 3144 0	3001 3032 0	Charter Trader Crewmember 1330		Monkey Madness I		6	Shipyard	1600 Coins
2674 3144 0	3038 3192 0	Charter Trader Crewmember 1330				6	Port Sarim	1280 Coins
2674 3144 0	3064 2999 0	Charter Trader Crewmember 1330		Pandemonium		6	The Pandemonium	700 Coins
2674 3144 0	3189 2369 0	Charter Trader Crewmember 1330		Troubled Tortugans		6	The Summer Shore	1800 Coins
2674 3144 0	3671 2931 0	Charter Trader Crewmember 1330		Cabin Fever		6	Mos Le'Harmless	550 Coins
2674 3144 0	3702 3503 0	Charter Trader Crewmember 1330		Priest in Peril		6	Port Phasmatys	4100 Coins
2760 3238 0	1455 2968 0	Charter Trader Crewmember 1330		Children of the Sun		6	Aldarin	2500 Coins
2760 3238 0	1496 3403 0	Charter Trader Crewmember 1330				6	Land's End	2200 Coins
2760 3238 0	1514 2971 0	Charter Trader Crewmember 1330		Children of the Sun		6	Sunset Coast	2500 Coins
2760 3238 0	1743 3136 0	Charter Trader Crewmember 1330		Children of the Sun		6	Civitas illa Fortis	2400 Coins
2760 3238 0	1808 3679 0	Charter Trader Crewmember 1330				6	Port Piscarilius	2000 Coins
2760 3238 0	1871 3309 0	Charter Trader Crewmember 1330			50 Sailing	6	Port Roberts	3200 Coins
2760 3238 0	1943 2757 0	Charter Trader Crewmember 1330			67 Sailing	6	Deepfin Point	2000 Coins
2760 3238 0	2142 3122 0	Charter Trader Crewmember 1330		Regicide		6	Port Tyras	3200 Coins
2760 3238 0	2157 3330 0	Charter Trader Crewmember 1330		Song of the Elves		6	Prifddinas	3450 Coins
2760 3238 0	2589 2851 0	Charter Trader Crewmember 1330				6	Corsair Cove	680 Coins
2760 3238 0	2674 3144 0	Charter Trader Crewmember 1330				6	Port Khazard	400 Coins
2760 3238 0	2792 3414 0	Charter Trader Crewmember 1330				6	Catherby	480 Coins
2760 3238 0	2805 2502 0	Charter Trader Crewmember 1330		The Red Reef		6	Red Rock	1900 Coins
2760 3238 0	2954 3158 0	Charter Trader Crewmember 1330				6	Musa Point	480 Coins
2760 3238 0	3001 3032 0	Charter Trader Crewmember 1330		Monkey Madness I		6	Shipyard	400 Coins
2760 3238 0	3038 3192 0	Charter Trader Crewmember 1330				6	Port Sarim	1600 Coins
2760 3238 0	3064 2999 0	Charter Trader Crewmember 1330		Pandemonium		6	The Pandemonium	400 Coins
2760 3238 0	3189 2369 0	Charter Trader Crewmember 1330		Troubled Tortugans		6	The Summer Shore	1900 Coins
2760 3238 0	3671 2931 0	Charter Trader Crewmember 1330		Cabin Fever		6	Mos Le'Harmless	1950 Coins
2760 3238 0	3702 3503 0	Charter Trader Crewmember 1330		Priest in Peril		6	Port Phasmatys	2900 Coins
2792 3414 0	1455 2968 0	Charter Trader Crewmember 1330		Children of the Sun		6	Aldarin	2500 Coins
2792 3414 0	1496 3403 0	Charter Trader Crewmember 1330				6	Land's End	2200 Coins
2792 3414 0	1514 2971 0	Charter Trader Crewmember 1330		Children of the Sun		6	Sunset Coast	2500 Coins
2792 3414 0	1743 3136 0	Charter Trader Crewmember 1330		Children of the Sun		6	Civitas illa Fortis	2400 Coins
2792 3414 0	1808 3679 0	Charter Trader Crewmember 1330				6	Port Piscarilius	2000 Coins
2792 3414 0	1871 3309 0	Charter Trader Crewmember 1330			50 Sailing	6	Port Roberts	3400 Coins
2792 3414 0	1943 2757 0	Charter Trader Crewmember 1330			67 Sailing	6	Deepfin Point	2200 Coins
2792 3414 0	2142 3122 0	Charter Trader Crewmember 1330		Regicide		6	Port Tyras	3200 Coins
2792 3414 0	2157 3330 0	Charter Trader Crewmember 1330		Song of the Elves		6	Prifddinas	3560 Coins
2792 3414 0	2589 2851 0	Charter Trader Crewmember 1330				6	Corsair Cove	1000 Coins
2792 3414 0	2674 3144 0	Charter Trader Crewmember 1330				6	Port Khazard	1600 Coins
2792 3414 0	2760 3238 0	Charter Trader Crewmember 1330				6	Brimhaven	480 Coins
2792 3414 0	2805 2502 0	Charter Trader Crewmember 1330		The Red Reef		6	Red Rock	2000 Coins
2792 3414 0	2954 3158 0	Charter Trader Crewmember 1330				6	Musa Point	480 Coins
2792 3414 0	3001 3032 0	Charter Trader Crewmember 1330		Monkey Madness I		6	Shipyard	1600 Coins
2792 3414 0	3038 3192 0	Charter Trader Crewmember 1330				6	Port Sarim	1000 Coins
2792 3414 0	3064 2999 0	Charter Trader Crewmember 1330		Pandemonium		6	The Pandemonium	1200 Coins
2792 3414 0	3189 2369 0	Charter Trader Crewmember 1330		Troubled Tortugans		6	The Summer Shore	2000 Coins
2792 3414 0	3671 2931 0	Charter Trader Crewmember 1330		Cabin Fever		6	Mos Le'Harmless	1250 Coins
2792 3414 0	3702 3503 0	Charter Trader Crewmember 1330		Priest in Peril		6	Port Phasmatys	3500 Coins
2805 2502 0	1455 2968 0	Charter Trader Crewmember 1330		Children of the Sun		6	Aldarin	2200 Coins
2805 2502 0	1496 3403 0	Charter Trader Crewmember 1330				6	Land's End	2200 Coins
2805 2502 0	1514 2971 0	Charter Trader Crewmember 1330		Children of the Sun		6	Sunset Coast	2200 Coins
2805 2502 0	1743 3136 0	Charter Trader Crewmember 1330		Children of the Sun		6	Civitas illa Fortis	2000 Coins
2805 2502 0	1808 3679 0	Charter Trader Crewmember 1330				6	Port Piscarilius	2400 Coins
2805 2502 0	1871 3309 0	Charter Trader Crewmember 1330			50 Sailing	6	Port Roberts	2000 Coins
2805 2502 0	1943 2757 0	Charter Trader Crewmember 1330			67 Sailing	6	Deepfin Point	1400 Coins
2805 2502 0	2142 3122 0	Charter Trader Crewmember 1330		Regicide		6	Port Tyras	3200 Coins
2805 2502 0	2157 3330 0	Charter Trader Crewmember 1330		Song of the Elves		6	Prifddinas	2000 Coins
2805 2502 0	2589 2851 0	Charter Trader Crewmember 1330				6	Corsair Cove	1500 Coins
2805 2502 0	2674 3144 0	Charter Trader Crewmember 1330				6	Port Khazard	1800 Coins
2805 2502 0	2760 3238 0	Charter Trader Crewmember 1330				6	Brimhaven	1900 Coins
2805 2502 0	2792 3414 0	Charter Trader Crewmember 1330				6	Catherby	2000 Coins
2805 2502 0	2954 3158 0	Charter Trader Crewmember 1330				6	Musa Point	1700 Coins
2805 2502 0	3001 3032 0	Charter Trader Crewmember 1330		Monkey Madness I		6	Shipyard	1600 Coins
2805 2502 0	3038 3192 0	Charter Trader Crewmember 1330				6	Port Sarim	1700 Coins
2805 2502 0	3064 2999 0	Charter Trader Crewmember 1330		Pandemonium		6	The Pandemonium	1600 Coins
2805 2502 0	3189 2369 0	Charter Trader Crewmember 1330		Troubled Tortugans		6	The Summer Shore	1000 Coins
2805 2502 0	3671 2931 0	Charter Trader Crewmember 1330		Cabin Fever		6	Mos Le'Harmless	2000 Coins
2805 2502 0	3702 3503 0	Charter Trader Crewmember 1330		Priest in Peril		6	Port Phasmatys	2200 Coins
2954 3158 0	1455 2968 0	Charter Trader Crewmember 1330		Children of the Sun		6	Aldarin	3000 Coins
2954 3158 0	1496 3403 0	Charter Trader Crewmember 1330				6	Land's End	2700 Coins
2954 3158 0	1514 2971 0	Charter Trader Crewmember 1330		Children of the Sun		6	Sunset Coast	3000 Coins
2954 3158 0	1743 3136 0	Charter Trader Crewmember 1330		Children of the Sun		6	Civitas illa Fortis	2900 Coins
2954 3158 0	1808 3679 0	Charter Trader Crewmember 1330				6	Port Piscarilius	2500 Coins
2954 3158 0	1871 3309 0	Charter Trader Crewmember 1330			50 Sailing	6	Port Roberts	3500 Coins
2954 3158 0	1943 2757 0	Charter Trader Crewmember 1330			67 Sailing	6	Deepfin Point	2400 Coins
2954 3158 0	2142 3122 0	Charter Trader Crewmember 1330		Regicide		6	Port Tyras	3200 Coins
2954 3158 0	2157 3330 0	Charter Trader Crewmember 1330		Song of the Elves		6	Prifddinas	4400 Coins
2954 3158 0	2589 2851 0	Charter Trader Crewmember 1330				6	Corsair Cove	800 Coins
2954 3158 0	2674 3144 0	Charter Trader Crewmember 1330				6	Port Khazard	400 Coins
2954 3158 0	2760 3238 0	Charter Trader Crewmember 1330				6	Brimhaven	480 Coins
2954 3158 0	2792 3414 0	Charter Trader Crewmember 1330				6	Catherby	480 Coins
2954 3158 0	2805 2502 0	Charter Trader Crewmember 1330		The Red Reef		6	Red Rock	1700 Coins
2954 3158 0	3001 3032 0	Charter Trader Crewmember 1330		Monkey Madness I		6	Shipyard	200 Coins
2954 3158 0	3189 2369 0	Charter Trader Crewmember 1330		Troubled Tortugans		6	The Summer Shore	1700 Coins
2954 3158 0	3671 2931 0	Charter Trader Crewmember 1330		Cabin Fever		6	Mos Le'Harmless	2050 Coins
2954 3158 0	3702 3503 0	Charter Trader Crewmember 1330		Priest in Peril		6	Port Phasmatys	1100 Coins
3001 3032 0	1455 2968 0	Charter Trader Crewmember 1330		Children of the Sun		6	Aldarin	3100 Coins
3001 3032 0	1496 3403 0	Charter Trader Crewmember 1330				6	Land's End	2800 Coins
3001 3032 0	1514 2971 0	Charter Trader Crewmember 1330		Children of the Sun		6	Sunset Coast	3100 Coins
3001 3032 0	1743 3136 0	Charter Trader Crewmember 1330		Children of the Sun		6	Civitas illa Fortis	3000 Coins
3001 3032 0	1808 3679 0	Charter Trader Crewmember 1330				6	Port Piscarilius	2600 Coins
3001 3032 0	1871 3309 0	Charter Trader Crewmember 1330			50 Sailing	6	Port Roberts	3600 Coins
3001 3032 0	1943 2757 0	Charter Trader Crewmember 1330			67 Sailing	6	Deepfin Point	2800 Coins
3001 3032 0	2142 3122 0	Charter Trader Crewmember 1330		Regicide		6	Port Tyras	3200 Coins
3001 3032 0	2157 3330 0	Charter Trader Crewmember 1330		Song of the Elves		6	Prifddinas	4000 Coins
3001 3032 0	2589 2851 0	Charter Trader Crewmember 1330				6	Corsair Cove	800 Coins
3001 3032 0	2674 3144 0	Charter Trader Crewmember 1330				6	Port Khazard	1600 Coins
3001 3032 0	2760 3238 0	Charter Trader Crewmember 1330				6	Brimhaven	400 Coins
3001 3032 0	2792 3414 0	Charter Trader Crewmember 1330				6	Catherby	1600 Coins
3001 3032 0	2805 2502 0	Charter Trader Crewmember 1330		The Red Reef		6	Red Rock	1600 Coins
3001 3032 0	2954 3158 0	Charter Trader Crewmember 1330				6	Musa Point	200 Coins
3001 3032 0	3038 3192 0	Charter Trader Crewmember 1330				6	Port Sarim	400 Coins
3001 3032 0	3064 2999 0	Charter Trader Crewmember 1330		Pandemonium		6	The Pandemonium	200 Coins
3001 3032 0	3189 2369 0	Charter Trader Crewmember 1330		Troubled Tortugans		6	The Summer Shore	1600 Coins
3001 3032 0	3671 2931 0	Charter Trader Crewmember 1330		Cabin Fever		6	Mos Le'Harmless	550 Coins
3001 3032 0	3702 3503 0	Charter Trader Crewmember 1330		Priest in Peril		6	Port Phasmatys	3200 Coins
3038 3192 0	1455 2968 0	Charter Trader Crewmember 1330		Children of the Sun		6	Aldarin	3100 Coins
3038 3192 0	1514 2971 0	Charter Trader Crewmember 1330		Children of the Sun		6	Sunset Coast	3100 Coins
3038 3192 0	1743 3136 0	Charter Trader Crewmember 1330		Children of the Sun		6	Civitas illa Fortis	3000 Coins
3038 3192 0	1871 3309 0	Charter Trader Crewmember 1330			50 Sailing	6	Port Roberts	3500 Coins
3038 3192 0	1943 2757 0	Charter Trader Crewmember 1330			67 Sailing	6	Deepfin Point	2600 Coins
3038 3192 0	2142 3122 0	Charter Trader Crewmember 1330		Regicide		6	Port Tyras	3200 Coins
3038 3192 0	2157 3330 0	Charter Trader Crewmember 1330		Song of the Elves		6	Prifddinas	4800 Coins
3038 3192 0	2589 2851 0	Charter Trader Crewmember 1330				6	Corsair Cove	1200 Coins
3038 3192 0	2674 3144 0	Charter Trader Crewmember 1330				6	Port Khazard	1280 Coins
3038 3192 0	2760 3238 0	Charter Trader Crewmember 1330				6	Brimhaven	1600 Coins
3038 3192 0	2792 3414 0	Charter Trader Crewmember 1330				6	Catherby	1000 Coins
3038 3192 0	2805 2502 0	Charter Trader Crewmember 1330		The Red Reef		6	Red Rock	1700 Coins
3038 3192 0	3001 3032 0	Charter Trader Crewmember 1330		Monkey Madness I		6	Shipyard	400 Coins
3038 3192 0	3189 2369 0	Charter Trader Crewmember 1330		Troubled Tortugans		6	The Summer Shore	1700 Coins
3038 3192 0	3671 2931 0	Charter Trader Crewmember 1330		Cabin Fever		6	Mos Le'Harmless	650 Coins
3038 3192 0	3702 3503 0	Charter Trader Crewmember 1330		Priest in Peril		6	Port Phasmatys	1300 Coins
3064 2999 0	1455 2968 0	Charter Trader Crewmember 1330		Children of the Sun		6	Aldarin	3000 Coins
3064 2999 0	1496 3403 0	Charter Trader Crewmember 1330				6	Land's End	2600 Coins
3064 2999 0	1514 2971 0	Charter Trader Crewmember 1330		Children of the Sun		6	Sunset Coast	3000 Coins
3064 2999 0	1743 3136 0	Charter Trader Crewmember 1330		Children of the Sun		6	Civitas illa Fortis	2800 Coins
3064 2999 0	1808 3679 0	Charter Trader Crewmember 1330				6	Port Piscarilius	2400 Coins
3064 2999 0	1871 3309 0	Charter Trader Crewmember 1330			50 Sailing	6	Port Roberts	3600 Coins
3064 2999 0	1943 2757 0	Charter Trader Crewmember 1330			67 Sailing	6	Deepfin Point	2800 Coins
3064 2999 0	2142 3122 0	Charter Trader Crewmember 1330		Regicide		6	Port Tyras	3200 Coins
3064 2999 0	2157 3330 0	Charter Trader Crewmember 1330		Song of the Elves		6	Prifddinas	3800 Coins
3064 2999 0	2589 2851 0	Charter Trader Crewmember 1330				6	Corsair Cove	800 Coins
3064 2999 0	2674 3144 0	Charter Trader Crewmember 1330				6	Port Khazard	700 Coins
3064 2999 0	2760 3238 0	Charter Trader Crewmember 1330				6	Brimhaven	400 Coins
3064 2999 0	2792 3414 0	Charter Trader Crewmember 1330				6	Catherby	1200 Coins
3064 2999 0	2805 2502 0	Charter Trader Crewmember 1330		The Red Reef		6	Red Rock	1600 Coins
3064 2999 0	3001 3032 0	Charter Trader Crewmember 1330		Monkey Madness I		6	Shipyard	200 Coins
3064 2999 0	3189 2369 0	Charter Trader Crewmember 1330		Troubled Tortugans		6	The Summer Shore	1600 Coins
3064 2999 0	3671 2931 0	Charter Trader Crewmember 1330		Cabin Fever		6	Mos Le'Harmless	500 Coins
3064 2999 0	3702 3503 0	Charter Trader Crewmember 1330		Priest in Peril		6	Port Phasmatys	1000 Coins
3189 2369 0	1455 2968 0	Charter Trader Crewmember 1330		Children of the Sun		6	Aldarin	2400 Coins
3189 2369 0	1496 3403 0	Charter Trader Crewmember 1330				6	Land's End	2400 Coins
3189 2369 0	1514 2971 0	Charter Trader Crewmember 1330		Children of the Sun		6	Sunset Coast	2400 Coins
3189 2369 0	1743 3136 0	Charter Trader Crewmember 1330		Children of the Sun		6	Civitas illa Fortis	2200 Coins
3189 2369 0	1808 3679 0	Charter Trader Crewmember 1330				6	Port Piscarilius	2600 Coins
3189 2369 0	1871 3309 0	Charter Trader Crewmember 1330			50 Sailing	6	Port Roberts	2500 Coins
3189 2369 0	1943 2757 0	Charter Trader Crewmember 1330			67 Sailing	6	Deepfin Point	1800 Coins
3189 2369 0	2142 3122 0	Charter Trader Crewmember 1330		Regicide		6	Port Tyras	3200 Coins
3189 2369 0	2157 3330 0	Charter Trader Crewmember 1330		Song of the Elves		6	Prifddinas	2200 Coins
3189 2369 0	2589 2851 0	Charter Trader Crewmember 1330				6	Corsair Cove	1600 Coins
3189 2369 0	2674 3144 0	Charter Trader Crewmember 1330				6	Port Khazard	1800 Coins
3189 2369 0	2760 3238 0	Charter Trader Crewmember 1330				6	Brimhaven	1900 Coins
3189 2369 0	2792 3414 0	Charter Trader Crewmember 1330				6	Catherby	2000 Coins
3189 2369 0	2805 2502 0	Charter Trader Crewmember 1330		The Red Reef		6	Red Rock	1000 Coins
3189 2369 0	2954 3158 0	Charter Trader Crewmember 1330				6	Musa Point	1700 Coins
3189 2369 0	3001 3032 0	Charter Trader Crewmember 1330		Monkey Madness I		6	Shipyard	1600 Coins
3189 2369 0	3038 3192 0	Charter Trader Crewmember 1330				6	Port Sarim	1700 Coins
3189 2369 0	3064 2999 0	Charter Trader Crewmember 1330		Pandemonium		6	The Pandemonium	1600 Coins
3189 2369 0	3671 2931 0	Charter Trader Crewmember 1330		Cabin Fever		6	Mos Le'Harmless	900 Coins
3189 2369 0	3702 3503 0	Charter Trader Crewmember 1330		Priest in Peril		6	Port Phasmatys	2000 Coins
3671 2931 0	1455 2968 0	Charter Trader Crewmember 1330		Children of the Sun		6	Aldarin	2350 Coins
3671 2931 0	1496 3403 0	Charter Trader Crewmember 1330				6	Land's End	2200 Coins
3671 2931 0	1514 2971 0	Charter Trader Crewmember 1330		Children of the Sun		6	Sunset Coast	2350 Coins
3671 2931 0	1743 3136 0	Charter Trader Crewmember 1330		Children of the Sun		6	Civitas illa Fortis	2300 Coins
3671 2931 0	1808 3679 0	Charter Trader Crewmember 1330				6	Port Piscarilius	2100 Coins
3671 2931 0	1871 3309 0	Charter Trader Crewmember 1330			50 Sailing	6	Port Roberts	2200 Coins
3671 2931 0	1943 2757 0	Charter Trader Crewmember 1330			67 Sailing	6	Deepfin Point	1600 Coins
3671 2931 0	2142 3122 0	Charter Trader Crewmember 1330		Regicide		6	Port Tyras	1600 Coins
3671 2931 0	2157 3330 0	Charter Trader Crewmember 1330		Song of the Elves		6	Prifddinas	2475 Coins
3671 2931 0	2589 2851 0	Charter Trader Crewmember 1330				6	Corsair Cove	2040 Coins
3671 2931 0	2674 3144 0	Charter Trader Crewmember 1330				6	Port Khazard	550 Coins
3671 2931 0	2760 3238 0	Charter Trader Crewmember 1330				6	Brimhaven	1950 Coins
3671 2931 0	2792 3414 0	Charter Trader Crewmember 1330				6	Catherby	1250 Coins
3671 2931 0	2805 2502 0	Charter Trader Crewmember 1330		The Red Reef		6	Red Rock	1000 Coins
3671 2931 0	2954 3158 0	Charter Trader Crewmember 1330				6	Musa Point	2050 Coins
3671 2931 0	3001 3032 0	Charter Trader Crewmember 1330		Monkey Madness I		6	Shipyard	550 Coins
3671 2931 0	3038 3192 0	Charter Trader Crewmember 1330				6	Port Sarim	650 Coins
3671 2931 0	3064 2999 0	Charter Trader Crewmember 1330		Pandemonium		6	The Pandemonium	500 Coins
3671 2931 0	3189 2369 0	Charter Trader Crewmember 1330		Troubled Tortugans		6	The Summer Shore	900 Coins
3702 3503 0	1455 2968 0	Charter Trader Crewmember 1330		Children of the Sun		6	Aldarin	4500 Coins
3702 3503 0	1496 3403 0	Charter Trader Crewmember 1330				6	Land's End	4200 Coins
3702 3503 0	1514 2971 0	Charter Trader Crewmember 1330		Children of the Sun		6	Sunset Coast	4500 Coins
3702 3503 0	1743 3136 0	Charter Trader Crewmember 1330		Children of the Sun		6	Civitas illa Fortis	4400 Coins
3702 3503 0	1808 3679 0	Charter Trader Crewmember 1330				6	Port Piscarilius	4000 Coins
3702 3503 0	1871 3309 0	Charter Trader Crewmember 1330			50 Sailing	6	Port Roberts	4600 Coins
3702 3503 0	1943 2757 0	Charter Trader Crewmember 1330			67 Sailing	6	Deepfin Point	3400 Coins
3702 3503 0	2142 3122 0	Charter Trader Crewmember 1330		Regicide		6	Port Tyras	3200 Coins
3702 3503 0	2157 3330 0	Charter Trader Crewmember 1330		Song of the Elves		6	Prifddinas	5200 Coins
3702 3503 0	2589 2851 0	Charter Trader Crewmember 1330				6	Corsair Cove	4040 Coins
3702 3503 0	2674 3144 0	Charter Trader Crewmember 1330				6	Port Khazard	4100 Coins
3702 3503 0	2760 3238 0	Charter Trader Crewmember 1330				6	Brimhaven	2900 Coins
3702 3503 0	2792 3414 0	Charter Trader Crewmember 1330				6	Catherby	3500 Coins
3702 3503 0	2805 2502 0	Charter Trader Crewmember 1330		The Red Reef		6	Red Rock	2200 Coins
3702 3503 0	2954 3158 0	Charter Trader Crewmember 1330				6	Musa Point	1100 Coins
3702 3503 0	3001 3032 0	Charter Trader Crewmember 1330		Monkey Madness I		6	Shipyard	3200 Coins
3702 3503 0	3038 3192 0	Charter Trader Crewmember 1330				6	Port Sarim	1300 Coins
3702 3503 0	3064 2999 0	Charter Trader Crewmember 1330		Pandemonium		6	The Pandemonium	1000 Coins
3702 3503 0	3189 2369 0	Charter Trader Crewmember 1330		Troubled Tortugans		6	The Summer Shore	2000 Coins
