# Origin	Destination	menuOption menuTarget objectID	Duration	Items	Varbits	Display info	Currency
3182 3043 0	3311 3109 0	Travel Rug Merchant 18	77			1: Shantay Pass	200 Coins
3243 2813 0	3348 2942 0	Travel Rug Merchant 1322	50		418=26	1: Pollnivneach	200 Coins
3287 2813 0	3348 2942 0	Travel Rug Merchant 1321	50		418=26	1: Pollnivneach	200 Coins
3311 3109 0	3182 3043 0	Travel Rug Merchant 17	77			2: Bedabin Camp	200 Coins
3311 3109 0	3350 3001 0	Travel Rug Merchant 17	63			3: Pollnivneach	200 Coins
3311 3109 0	3467 3110 0	Travel Rug Merchant 17	65		346=10	1: Uzer	200 Coins
3348 2942 0	3243 2813 0	Travel Rug Merchant 19	50		418=26	2: Menaphos	200 Coins
3348 2942 0	3287 2813 0	Travel Rug Merchant 19	50		418=26	1: Sophanem	200 Coins
3348 2942 0	3401 2918 0	Travel Rug Merchant 19	36		418<26	1: Nardah	200 Coins
3348 2942 0	3401 2918 0	Travel Rug Merchant 19	36		418=26	3: Nardah	200 Coins
3350 3001 0	3311 3109 0	Travel Rug Merchant 20	63			1: Shantay Pass	200 Coins
3401 2918 0	3348 2942 0	Travel Rug Merchant 22	36			1: Pollnivneach	200 Coins
3467 3110 0	3311 3109 0	Travel Rug Merchant 21	65		346=10	1: Shantay Pass	200 Coins
