# Destination	Skills	Quests	Display info	Duration	Wilderness level	Varbits	VarPlayers
1792 3501 0	34 Farming		Tithe Farm Minigame Teleport	19	0	4909=1	4560&4;888@20
1792 3501 0	34 Farming		Tithe Farm Minigame Teleport	19	0	4909=1	4560&512;888@20
1792 3501 0	34 Farming		Tithe Farm Minigame Teleport	20	0	4909=1	4560&64;888@20
1792 3501 0	34 Farming		Tithe Farm Minigame Teleport	21	0	4909=1	4560&128;888@20
1792 3501 0	34 Farming		Tithe Farm Minigame Teleport	21	0	4909=1	4560&256;888@20
1792 3501 0	34 Farming		Tithe Farm Minigame Teleport	21	0	4909=1	4560&2;888@20
1792 3501 0	34 Farming		Tithe Farm Minigame Teleport	23	0	4909=1	4560&1024;888@20
1792 3501 0	34 Farming		Tithe Farm Minigame Teleport	23	0	4909=1	888@20
1792 3501 0	34 Farming		Tithe Farm Minigame Teleport	24	0	4909=1	4560&16;888@20
1792 3501 0	34 Farming		Tithe Farm Minigame Teleport	24	0	4909=1	4560&1;888@20
1792 3501 0	34 Farming		Tithe Farm Minigame Teleport	24	0	4909=1	4560&8;888@20
1792 3501 0	34 Farming		Tithe Farm Minigame Teleport	24	0	4909=1	4560=0;888@20
1792 3501 0	34 Farming		Tithe Farm Minigame Teleport	25	0	4909=1	4560&32;888@20
2018 5929 0			Soul Wars Minigame Teleport	19	0		4560&4;888@20
2018 5929 0			Soul Wars Minigame Teleport	19	0		4560&512;888@20
2018 5929 0			Soul Wars Minigame Teleport	20	0		4560&64;888@20
2018 5929 0			Soul Wars Minigame Teleport	21	0		4560&128;888@20
2018 5929 0			Soul Wars Minigame Teleport	21	0		4560&256;888@20
2018 5929 0			Soul Wars Minigame Teleport	21	0		4560&2;888@20
2018 5929 0			Soul Wars Minigame Teleport	23	0		4560&1024;888@20
2018 5929 0			Soul Wars Minigame Teleport	24	0		4560&16;888@20
2018 5929 0			Soul Wars Minigame Teleport	24	0		4560&1;888@20
2018 5929 0			Soul Wars Minigame Teleport	24	0		4560&8;888@20
2018 5929 0			Soul Wars Minigame Teleport	24	0		4560=0;888@20
2018 5929 0			Soul Wars Minigame Teleport	25	0		4560&32;888@20
2399 5177 0			TzHaar Fight Pit Minigame Teleport	19	0		4560&4;888@20
2399 5177 0			TzHaar Fight Pit Minigame Teleport	19	0		4560&512;888@20
2399 5177 0			TzHaar Fight Pit Minigame Teleport	20	0		4560&64;888@20
2399 5177 0			TzHaar Fight Pit Minigame Teleport	21	0		4560&128;888@20
2399 5177 0			TzHaar Fight Pit Minigame Teleport	21	0		4560&256;888@20
2399 5177 0			TzHaar Fight Pit Minigame Teleport	21	0		4560&2;888@20
2399 5177 0			TzHaar Fight Pit Minigame Teleport	23	0		4560&1024;888@20
2399 5177 0			TzHaar Fight Pit Minigame Teleport	24	0		4560&16;888@20
2399 5177 0			TzHaar Fight Pit Minigame Teleport	24	0		4560&1;888@20
2399 5177 0			TzHaar Fight Pit Minigame Teleport	24	0		4560&8;888@20
2399 5177 0			TzHaar Fight Pit Minigame Teleport	24	0		4560=0;888@20
2399 5177 0			TzHaar Fight Pit Minigame Teleport	25	0		4560&32;888@20
2442 3093 0			Castle Wars Minigame Teleport	19	0		4560&4;888@20
2442 3093 0			Castle Wars Minigame Teleport	19	0		4560&512;888@20
2442 3093 0			Castle Wars Minigame Teleport	20	0		4560&64;888@20
2442 3093 0			Castle Wars Minigame Teleport	21	0		4560&128;888@20
2442 3093 0			Castle Wars Minigame Teleport	21	0		4560&256;888@20
2442 3093 0			Castle Wars Minigame Teleport	21	0		4560&2;888@20
2442 3093 0			Castle Wars Minigame Teleport	23	0		4560&1024;888@20
2442 3093 0			Castle Wars Minigame Teleport	24	0		4560&16;888@20
2442 3093 0			Castle Wars Minigame Teleport	24	0		4560&1;888@20
2442 3093 0			Castle Wars Minigame Teleport	24	0		4560&8;888@20
2442 3093 0			Castle Wars Minigame Teleport	24	0		4560=0;888@20
2442 3093 0			Castle Wars Minigame Teleport	25	0		4560&32;888@20
2531 3569 0			Barbarian Assault Minigame Teleport	19	0	3264=11	4560&4;888@20
2531 3569 0			Barbarian Assault Minigame Teleport	19	0	3264=11	4560&512;888@20
2531 3569 0			Barbarian Assault Minigame Teleport	20	0	3264=11	4560&64;888@20
2531 3569 0			Barbarian Assault Minigame Teleport	21	0	3264=11	4560&128;888@20
2531 3569 0			Barbarian Assault Minigame Teleport	21	0	3264=11	4560&256;888@20
2531 3569 0			Barbarian Assault Minigame Teleport	21	0	3264=11	4560&2;888@20
2531 3569 0			Barbarian Assault Minigame Teleport	23	0	3264=11	4560&1024;888@20
2531 3569 0			Barbarian Assault Minigame Teleport	24	0	3264=11	4560&16;888@20
2531 3569 0			Barbarian Assault Minigame Teleport	24	0	3264=11	4560&1;888@20
2531 3569 0			Barbarian Assault Minigame Teleport	24	0	3264=11	4560&8;888@20
2531 3569 0			Barbarian Assault Minigame Teleport	24	0	3264=11	4560=0;888@20
2531 3569 0			Barbarian Assault Minigame Teleport	25	0	3264=11	4560&32;888@20
2561 3319 0		Ratcatchers	Rat Pits Minigame Teleport: 1. Ardougne	19	0		4560&4;888@20
2561 3319 0		Ratcatchers	Rat Pits Minigame Teleport: 1. Ardougne	19	0		4560&512;888@20
2561 3319 0		Ratcatchers	Rat Pits Minigame Teleport: 1. Ardougne	20	0		4560&64;888@20
2561 3319 0		Ratcatchers	Rat Pits Minigame Teleport: 1. Ardougne	21	0		4560&128;888@20
2561 3319 0		Ratcatchers	Rat Pits Minigame Teleport: 1. Ardougne	21	0		4560&256;888@20
2561 3319 0		Ratcatchers	Rat Pits Minigame Teleport: 1. Ardougne	21	0		4560&2;888@20
2561 3319 0		Ratcatchers	Rat Pits Minigame Teleport: 1. Ardougne	23	0		4560&1024;888@20
2561 3319 0		Ratcatchers	Rat Pits Minigame Teleport: 1. Ardougne	24	0		4560&16;888@20
2561 3319 0		Ratcatchers	Rat Pits Minigame Teleport: 1. Ardougne	24	0		4560&1;888@20
2561 3319 0		Ratcatchers	Rat Pits Minigame Teleport: 1. Ardougne	24	0		4560&8;888@20
2561 3319 0		Ratcatchers	Rat Pits Minigame Teleport: 1. Ardougne	24	0		4560=0;888@20
2561 3319 0		Ratcatchers	Rat Pits Minigame Teleport: 1. Ardougne	25	0		4560&32;888@20
2609 3114 0			Nightmare Zone Minigame Teleport	19	0		4560&4;888@20
2609 3114 0			Nightmare Zone Minigame Teleport	19	0		4560&512;888@20
2609 3114 0			Nightmare Zone Minigame Teleport	20	0		4560&64;888@20
2609 3114 0			Nightmare Zone Minigame Teleport	21	0		4560&128;888@20
2609 3114 0			Nightmare Zone Minigame Teleport	21	0		4560&256;888@20
2609 3114 0			Nightmare Zone Minigame Teleport	21	0		4560&2;888@20
2609 3114 0			Nightmare Zone Minigame Teleport	23	0		4560&1024;888@20
2609 3114 0			Nightmare Zone Minigame Teleport	24	0		4560&16;888@20
2609 3114 0			Nightmare Zone Minigame Teleport	24	0		4560&1;888@20
2609 3114 0			Nightmare Zone Minigame Teleport	24	0		4560&8;888@20
2609 3114 0			Nightmare Zone Minigame Teleport	24	0		4560=0;888@20
2609 3114 0			Nightmare Zone Minigame Teleport	25	0		4560&32;888@20
2658 2663 0	40 Combat		Pest Control Minigame Teleport	19	0		4560&4;888@20
2658 2663 0	40 Combat		Pest Control Minigame Teleport	19	0		4560&512;888@20
2658 2663 0	40 Combat		Pest Control Minigame Teleport	20	0		4560&64;888@20
2658 2663 0	40 Combat		Pest Control Minigame Teleport	21	0		4560&128;888@20
2658 2663 0	40 Combat		Pest Control Minigame Teleport	21	0		4560&256;888@20
2658 2663 0	40 Combat		Pest Control Minigame Teleport	21	0		4560&2;888@20
2658 2663 0	40 Combat		Pest Control Minigame Teleport	23	0		4560&1024;888@20
2658 2663 0	40 Combat		Pest Control Minigame Teleport	24	0		4560&16;888@20
2658 2663 0	40 Combat		Pest Control Minigame Teleport	24	0		4560&1;888@20
2658 2663 0	40 Combat		Pest Control Minigame Teleport	24	0		4560&8;888@20
2658 2663 0	40 Combat		Pest Control Minigame Teleport	24	0		4560=0;888@20
2658 2663 0	40 Combat		Pest Control Minigame Teleport	25	0		4560&32;888@20
2658 3157 0	15 Fishing		Fishing Trawler Minigame Teleport	19	0		4560&4;888@20
2658 3157 0	15 Fishing		Fishing Trawler Minigame Teleport	19	0		4560&512;888@20
2658 3157 0	15 Fishing		Fishing Trawler Minigame Teleport	20	0		4560&64;888@20
2658 3157 0	15 Fishing		Fishing Trawler Minigame Teleport	21	0		4560&128;888@20
2658 3157 0	15 Fishing		Fishing Trawler Minigame Teleport	21	0		4560&256;888@20
2658 3157 0	15 Fishing		Fishing Trawler Minigame Teleport	21	0		4560&2;888@20
2658 3157 0	15 Fishing		Fishing Trawler Minigame Teleport	23	0		4560&1024;888@20
2658 3157 0	15 Fishing		Fishing Trawler Minigame Teleport	24	0		4560&16;888@20
2658 3157 0	15 Fishing		Fishing Trawler Minigame Teleport	24	0		4560&1;888@20
2658 3157 0	15 Fishing		Fishing Trawler Minigame Teleport	24	0		4560&8;888@20
2658 3157 0	15 Fishing		Fishing Trawler Minigame Teleport	24	0		4560=0;888@20
2658 3157 0	15 Fishing		Fishing Trawler Minigame Teleport	25	0		4560&32;888@20
2899 3553 0			Burthorpe Games Room Minigame Teleport	19	0		4560&4;888@20
2899 3553 0			Burthorpe Games Room Minigame Teleport	19	0		4560&512;888@20
2899 3553 0			Burthorpe Games Room Minigame Teleport	20	0		4560&64;888@20
2899 3553 0			Burthorpe Games Room Minigame Teleport	21	0		4560&128;888@20
2899 3553 0			Burthorpe Games Room Minigame Teleport	21	0		4560&256;888@20
2899 3553 0			Burthorpe Games Room Minigame Teleport	21	0		4560&2;888@20
2899 3553 0			Burthorpe Games Room Minigame Teleport	23	0		4560&1024;888@20
2899 3553 0			Burthorpe Games Room Minigame Teleport	24	0		4560&16;888@20
2899 3553 0			Burthorpe Games Room Minigame Teleport	24	0		4560&1;888@20
2899 3553 0			Burthorpe Games Room Minigame Teleport	24	0		4560&8;888@20
2899 3553 0			Burthorpe Games Room Minigame Teleport	24	0		4560=0;888@20
2899 3553 0			Burthorpe Games Room Minigame Teleport	25	0		4560&32;888@20
2914 10193 0		Ratcatchers	Rat Pits Minigame Teleport: 3. Keldagrim	19	0		4560&4;888@20
2914 10193 0		Ratcatchers	Rat Pits Minigame Teleport: 3. Keldagrim	19	0		4560&512;888@20
2914 10193 0		Ratcatchers	Rat Pits Minigame Teleport: 3. Keldagrim	20	0		4560&64;888@20
2914 10193 0		Ratcatchers	Rat Pits Minigame Teleport: 3. Keldagrim	21	0		4560&128;888@20
2914 10193 0		Ratcatchers	Rat Pits Minigame Teleport: 3. Keldagrim	21	0		4560&256;888@20
2914 10193 0		Ratcatchers	Rat Pits Minigame Teleport: 3. Keldagrim	21	0		4560&2;888@20
2914 10193 0		Ratcatchers	Rat Pits Minigame Teleport: 3. Keldagrim	23	0		4560&1024;888@20
2914 10193 0		Ratcatchers	Rat Pits Minigame Teleport: 3. Keldagrim	24	0		4560&16;888@20
2914 10193 0		Ratcatchers	Rat Pits Minigame Teleport: 3. Keldagrim	24	0		4560&1;888@20
2914 10193 0		Ratcatchers	Rat Pits Minigame Teleport: 3. Keldagrim	24	0		4560&8;888@20
2914 10193 0		Ratcatchers	Rat Pits Minigame Teleport: 3. Keldagrim	24	0		4560=0;888@20
2914 10193 0		Ratcatchers	Rat Pits Minigame Teleport: 3. Keldagrim	25	0		4560&32;888@20
2934 10184 0			Blast Furnace Minigame Teleport	19	0	571>4	4560&4;888@20
2934 10184 0			Blast Furnace Minigame Teleport	19	0	571>4	4560&512;888@20
2934 10184 0			Blast Furnace Minigame Teleport	20	0	571>4	4560&64;888@20
2934 10184 0			Blast Furnace Minigame Teleport	21	0	571>4	4560&128;888@20
2934 10184 0			Blast Furnace Minigame Teleport	21	0	571>4	4560&256;888@20
2934 10184 0			Blast Furnace Minigame Teleport	21	0	571>4	4560&2;888@20
2934 10184 0			Blast Furnace Minigame Teleport	23	0	571>4	4560&1024;888@20
2934 10184 0			Blast Furnace Minigame Teleport	24	0	571>4	4560&16;888@20
2934 10184 0			Blast Furnace Minigame Teleport	24	0	571>4	4560&1;888@20
2934 10184 0			Blast Furnace Minigame Teleport	24	0	571>4	4560&8;888@20
2934 10184 0			Blast Furnace Minigame Teleport	24	0	571>4	4560=0;888@20
2934 10184 0			Blast Furnace Minigame Teleport	25	0	571>4	4560&32;888@20
3018 3231 0		Ratcatchers	Rat Pits Minigame Teleport: 4. Port Sarim	19	0		4560&4;888@20
3018 3231 0		Ratcatchers	Rat Pits Minigame Teleport: 4. Port Sarim	19	0		4560&512;888@20
3018 3231 0		Ratcatchers	Rat Pits Minigame Teleport: 4. Port Sarim	20	0		4560&64;888@20
3018 3231 0		Ratcatchers	Rat Pits Minigame Teleport: 4. Port Sarim	21	0		4560&128;888@20
3018 3231 0		Ratcatchers	Rat Pits Minigame Teleport: 4. Port Sarim	21	0		4560&256;888@20
3018 3231 0		Ratcatchers	Rat Pits Minigame Teleport: 4. Port Sarim	21	0		4560&2;888@20
3018 3231 0		Ratcatchers	Rat Pits Minigame Teleport: 4. Port Sarim	23	0		4560&1024;888@20
3018 3231 0		Ratcatchers	Rat Pits Minigame Teleport: 4. Port Sarim	24	0		4560&16;888@20
3018 3231 0		Ratcatchers	Rat Pits Minigame Teleport: 4. Port Sarim	24	0		4560&1;888@20
3018 3231 0		Ratcatchers	Rat Pits Minigame Teleport: 4. Port Sarim	24	0		4560&8;888@20
3018 3231 0		Ratcatchers	Rat Pits Minigame Teleport: 4. Port Sarim	24	0		4560=0;888@20
3018 3231 0		Ratcatchers	Rat Pits Minigame Teleport: 4. Port Sarim	25	0		4560&32;888@20
3150 3635 0			Clan Wars Minigame Teleport	19	0		4560&4;888@20
3150 3635 0			Clan Wars Minigame Teleport	19	0		4560&512;888@20
3150 3635 0			Clan Wars Minigame Teleport	20	0		4560&64;888@20
3150 3635 0			Clan Wars Minigame Teleport	21	0		4560&128;888@20
3150 3635 0			Clan Wars Minigame Teleport	21	0		4560&256;888@20
3150 3635 0			Clan Wars Minigame Teleport	21	0		4560&2;888@20
3150 3635 0			Clan Wars Minigame Teleport	23	0		4560&1024;888@20
3150 3635 0			Clan Wars Minigame Teleport	24	0		4560&16;888@20
3150 3635 0			Clan Wars Minigame Teleport	24	0		4560&1;888@20
3150 3635 0			Clan Wars Minigame Teleport	24	0		4560&8;888@20
3150 3635 0			Clan Wars Minigame Teleport	24	0		4560=0;888@20
3150 3635 0			Clan Wars Minigame Teleport	25	0		4560&32;888@20
3150 3635 0			Last Man Standing Minigame Teleport	19	0		4560&4;888@20
3150 3635 0			Last Man Standing Minigame Teleport	19	0		4560&512;888@20
3150 3635 0			Last Man Standing Minigame Teleport	20	0		4560&64;888@20
3150 3635 0			Last Man Standing Minigame Teleport	21	0		4560&128;888@20
3150 3635 0			Last Man Standing Minigame Teleport	21	0		4560&256;888@20
3150 3635 0			Last Man Standing Minigame Teleport	21	0		4560&2;888@20
3150 3635 0			Last Man Standing Minigame Teleport	23	0		4560&1024;888@20
3150 3635 0			Last Man Standing Minigame Teleport	24	0		4560&16;888@20
3150 3635 0			Last Man Standing Minigame Teleport	24	0		4560&1;888@20
3150 3635 0			Last Man Standing Minigame Teleport	24	0		4560&8;888@20
3150 3635 0			Last Man Standing Minigame Teleport	24	0		4560=0;888@20
3150 3635 0			Last Man Standing Minigame Teleport	25	0		4560&32;888@20
3262 3405 0		Ratcatchers	Rat Pits Minigame Teleport: 2. Varrock	19	0		4560&4;888@20
3262 3405 0		Ratcatchers	Rat Pits Minigame Teleport: 2. Varrock	19	0		4560&512;888@20
3262 3405 0		Ratcatchers	Rat Pits Minigame Teleport: 2. Varrock	20	0		4560&64;888@20
3262 3405 0		Ratcatchers	Rat Pits Minigame Teleport: 2. Varrock	21	0		4560&128;888@20
3262 3405 0		Ratcatchers	Rat Pits Minigame Teleport: 2. Varrock	21	0		4560&256;888@20
3262 3405 0		Ratcatchers	Rat Pits Minigame Teleport: 2. Varrock	21	0		4560&2;888@20
3262 3405 0		Ratcatchers	Rat Pits Minigame Teleport: 2. Varrock	23	0		4560&1024;888@20
3262 3405 0		Ratcatchers	Rat Pits Minigame Teleport: 2. Varrock	24	0		4560&16;888@20
3262 3405 0		Ratcatchers	Rat Pits Minigame Teleport: 2. Varrock	24	0		4560&1;888@20
3262 3405 0		Ratcatchers	Rat Pits Minigame Teleport: 2. Varrock	24	0		4560&8;888@20
3262 3405 0		Ratcatchers	Rat Pits Minigame Teleport: 2. Varrock	24	0		4560=0;888@20
3262 3405 0		Ratcatchers	Rat Pits Minigame Teleport: 2. Varrock	25	0		4560&32;888@20
3361 3149 0			Giant's Foundry Minigame Teleport	19	0		4560&4;888@20
3361 3149 0			Giant's Foundry Minigame Teleport	19	0		4560&512;888@20
3361 3149 0			Giant's Foundry Minigame Teleport	20	0		4560&64;888@20
3361 3149 0			Giant's Foundry Minigame Teleport	21	0		4560&128;888@20
3361 3149 0			Giant's Foundry Minigame Teleport	21	0		4560&256;888@20
3361 3149 0			Giant's Foundry Minigame Teleport	21	0		4560&2;888@20
3361 3149 0			Giant's Foundry Minigame Teleport	23	0		4560&1024;888@20
3361 3149 0			Giant's Foundry Minigame Teleport	24	0		4560&16;888@20
3361 3149 0			Giant's Foundry Minigame Teleport	24	0		4560&1;888@20
3361 3149 0			Giant's Foundry Minigame Teleport	24	0		4560&8;888@20
3361 3149 0			Giant's Foundry Minigame Teleport	24	0		4560=0;888@20
3361 3149 0			Giant's Foundry Minigame Teleport	25	0		4560&32;888@20
3363 3295 0			Mage Training Arena Minigame Teleport	19	0	1499>0	4560&4;888@20
3363 3295 0			Mage Training Arena Minigame Teleport	19	0	1499>0	4560&512;888@20
3363 3295 0			Mage Training Arena Minigame Teleport	20	0	1499>0	4560&64;888@20
3363 3295 0			Mage Training Arena Minigame Teleport	21	0	1499>0	4560&128;888@20
3363 3295 0			Mage Training Arena Minigame Teleport	21	0	1499>0	4560&256;888@20
3363 3295 0			Mage Training Arena Minigame Teleport	21	0	1499>0	4560&2;888@20
3363 3295 0			Mage Training Arena Minigame Teleport	23	0	1499>0	4560&1024;888@20
3363 3295 0			Mage Training Arena Minigame Teleport	24	0	1499>0	4560&16;888@20
3363 3295 0			Mage Training Arena Minigame Teleport	24	0	1499>0	4560&1;888@20
3363 3295 0			Mage Training Arena Minigame Teleport	24	0	1499>0	4560&8;888@20
3363 3295 0			Mage Training Arena Minigame Teleport	24	0	1499>0	4560=0;888@20
3363 3295 0			Mage Training Arena Minigame Teleport	25	0	1499>0	4560&32;888@20
3506 3304 0		Shades of Mort'ton	Shades of Mort'ton Minigame Teleport	19	0		4560&4;888@20
3506 3304 0		Shades of Mort'ton	Shades of Mort'ton Minigame Teleport	19	0		4560&512;888@20
3506 3304 0		Shades of Mort'ton	Shades of Mort'ton Minigame Teleport	20	0		4560&64;888@20
3506 3304 0		Shades of Mort'ton	Shades of Mort'ton Minigame Teleport	21	0		4560&128;888@20
3506 3304 0		Shades of Mort'ton	Shades of Mort'ton Minigame Teleport	21	0		4560&256;888@20
3506 3304 0		Shades of Mort'ton	Shades of Mort'ton Minigame Teleport	21	0		4560&2;888@20
3506 3304 0		Shades of Mort'ton	Shades of Mort'ton Minigame Teleport	23	0		4560&1024;888@20
3506 3304 0		Shades of Mort'ton	Shades of Mort'ton Minigame Teleport	24	0		4560&16;888@20
3506 3304 0		Shades of Mort'ton	Shades of Mort'ton Minigame Teleport	24	0		4560&1;888@20
3506 3304 0		Shades of Mort'ton	Shades of Mort'ton Minigame Teleport	24	0		4560&8;888@20
3506 3304 0		Shades of Mort'ton	Shades of Mort'ton Minigame Teleport	24	0		4560=0;888@20
3506 3304 0		Shades of Mort'ton	Shades of Mort'ton Minigame Teleport	25	0		4560&32;888@20
3614 9477 0		Temple of the Eye	Guardians of the Rift Minigame Teleport	19	0		4560&4;888@20
3614 9477 0		Temple of the Eye	Guardians of the Rift Minigame Teleport	19	0		4560&512;888@20
3614 9477 0		Temple of the Eye	Guardians of the Rift Minigame Teleport	20	0		4560&64;888@20
3614 9477 0		Temple of the Eye	Guardians of the Rift Minigame Teleport	21	0		4560&128;888@20
3614 9477 0		Temple of the Eye	Guardians of the Rift Minigame Teleport	21	0		4560&256;888@20
3614 9477 0		Temple of the Eye	Guardians of the Rift Minigame Teleport	21	0		4560&2;888@20
3614 9477 0		Temple of the Eye	Guardians of the Rift Minigame Teleport	23	0		4560&1024;888@20
3614 9477 0		Temple of the Eye	Guardians of the Rift Minigame Teleport	24	0		4560&16;888@20
3614 9477 0		Temple of the Eye	Guardians of the Rift Minigame Teleport	24	0		4560&1;888@20
3614 9477 0		Temple of the Eye	Guardians of the Rift Minigame Teleport	24	0		4560&8;888@20
3614 9477 0		Temple of the Eye	Guardians of the Rift Minigame Teleport	24	0		4560=0;888@20
3614 9477 0		Temple of the Eye	Guardians of the Rift Minigame Teleport	25	0		4560&32;888@20
3801 3015 0	40 Cooking	Cabin Fever	Trouble Brewing Minigame Teleport	19	0		4560&4;888@20
3801 3015 0	40 Cooking	Cabin Fever	Trouble Brewing Minigame Teleport	19	0		4560&512;888@20
3801 3015 0	40 Cooking	Cabin Fever	Trouble Brewing Minigame Teleport	20	0		4560&64;888@20
3801 3015 0	40 Cooking	Cabin Fever	Trouble Brewing Minigame Teleport	21	0		4560&128;888@20
3801 3015 0	40 Cooking	Cabin Fever	Trouble Brewing Minigame Teleport	21	0		4560&256;888@20
3801 3015 0	40 Cooking	Cabin Fever	Trouble Brewing Minigame Teleport	21	0		4560&2;888@20
3801 3015 0	40 Cooking	Cabin Fever	Trouble Brewing Minigame Teleport	23	0		4560&1024;888@20
3801 3015 0	40 Cooking	Cabin Fever	Trouble Brewing Minigame Teleport	24	0		4560&16;888@20
3801 3015 0	40 Cooking	Cabin Fever	Trouble Brewing Minigame Teleport	24	0		4560&1;888@20
3801 3015 0	40 Cooking	Cabin Fever	Trouble Brewing Minigame Teleport	24	0		4560&8;888@20
3801 3015 0	40 Cooking	Cabin Fever	Trouble Brewing Minigame Teleport	24	0		4560=0;888@20
3801 3015 0	40 Cooking	Cabin Fever	Trouble Brewing Minigame Teleport	25	0		4560&32;888@20
